昵称,用户名,数值,是否蓝v,是否已关注
瑞财ruicaiTermMax,@SongRuica,0,是,未知
Carter Eric,@carter_eri0016,0,是,未知
HuaHua,@HuaHua_BTC,0,是,未知
听风人Neo,@StockWatcherNeo,0,是,未知
币圈A司机,@xzxt88,0,否,未知
Shadow.AI,@Gollumgulu,0,是,未知
mu-BXB（蓝V互关.秒回）,@DXBking8888,0,是,未知
小乔流水,@guozhi0130,0,是,未知
2HeiGe,@2Heig,0,是,未知
自由码农,@corder2025,0,是,未知
パーパー,@StrongVitamins,0,是,未知
keanu,@musk_huke,0,是,未知
我不是丁元英(加密版）,@cscs9456,0,是,未知
陈意,@IvanChen83,0,是,未知
爱让你留下(互关),@acxipeijun,0,是,未知
Yellow飞机号批发,@renzhe_7,0,是,未知
Jack,@Jack32869371091,0,是,未知
Eva Sergeeva,@Evochka_,0,否,未知
LawrenceW,@LawrenceW_Zen,0,是,未知
11 Hz,@ElevenHz,0,是,未知
尼古拉斯定投,@Nicolas_DCA,0,是,未知
Eileen_Xie,@eileen_XL,0,是,未知
木火,@xinri366420,0,是,未知
星链,@121m99,0,是,未知
SpaceSong,@0xSpaceSong,0,是,未知
小Y,@TabTop0316,0,是,未知
大A Rapper,@deserve_1216,0,是,未知
加密货币很酷,@Cryptoissocool,0,是,未知
渴望自由,@mimangdeniuma,0,是,未知
混沌神 RIVER | ETHGas,@Ej7Bu,0,是,未知
摇摇楽,@zfree30,0,是,未知
Bdark （互FO必关/ Let's connect）,@Bryankdark,0,是,未知
littlebearbear,@littlebear67303,0,否,未知
TeslaFanX（蓝V互关）,@JACKYY218072,0,是,未知
whv2013,@shibiHolder,0,是,未知
比特币哥比特哥,@WQLOVE0909,0,是,未知
Dong,@Dssssdev,0,是,未知
马上关,@panbai7777,0,是,未知
Kris,@kangxiong19888,0,是,未知
Relive life,@biquanjiucai18,0,是,未知
LunaGlow_Web3（月明）,@qichnchn245071,0,是,未知
lzlif,@lzlifstar,0,是,未知
牛爷爷的刀把,@ggw1081074,0,是,未知
火星猎人｜BigProxy家宽 |蓝V互关,@deepfakemars,0,是,未知
panda king,@deguanghuan1,0,是,未知
沐珂MK日记,@Li3664661,0,是,未知
奇点,@manofmatch2023,0,是,未知
土豆,@Hixbro,0,是,未知
ha楼,@zxcak8896,0,是,未知
Chris,@wifeForRao,0,是,未知
Predictly.gg,@kyle_ljh,0,是,未知
Mia,@mia4133,0,否,未知
Musk5520,@lgs5520,0,是,未知
朱老师区块链3000问（互关）,@peterzhu6252,0,是,未知
投机小学生,@huan_jianqun,0,是,未知
0xYida,@0xyida,0,是,未知
不惑X,@jaylenng0788,0,是,未知
壹號老闆 the Number One Boss,@realGeorgeChan,0,是,未知
lucky 哥,@CrowleyInd52663,0,是,未知
Aurora （请互关）,@Aurora789633,0,是,未知
WarrenValueNotes,@ValByWarren,0,是,未知
一路向前,@K0asfd,0,是,未知
YaDang,@badaju5,0,是,未知
Tyler,@Tylerhe01,0,是,未知
vivimoney Bluebird,@vivimoneya,0,是,未知
肥仔,@feizhai08,0,是,未知
CDrama Buzz,@tia91450,0,是,未知
jet,@fushun17,0,是,未知
mark(互fo),@markma777,0,是,未知
Hackable Life,@5daysDetained,0,是,未知
krain zhang,@Krain990512,0,是,未知
悠悠白云,@J4m3sk1dll3,0,是,未知
爱理财的kiko（互关中）,@kikoaifenxi,0,是,未知
web3osho,@web3osho,0,是,未知
舔王打狗日常,@OrtizTina15090,0,是,未知
"yemoumou (❖,❖)",@yemoumou10,0,是,未知
Fish in suits,@fish_suits,0,是,未知
丫丫@Web3 World,丫丫@Web3 World,0,是,未知
Hubert.,@hubertjiang3,0,是,未知
Daniel Chao,@realDanielChao,0,是,未知
Kumarmoto,@kuwelz,0,是,未知
Jiaren Zhang,@Alexfeng001,0,是,未知
日进斗金,@sunjun64102596,0,是,未知
Azenc,@Azenccc,0,是,未知
A8超哥(枑烪|负债百万版),@A8brother,0,是,未知
anotherplanet,@anotherplanetby,0,是,未知
Zora,@sanyue2004,0,是,未知
fogtower,@fogtower2023,0,是,未知
touhlih,@touhlih,0,是,未知
稳健复利唐哥（超短线合约大神）,@wjfltg,0,是,未知
CC,@yunxi2409,0,是,未知
小林,@jjl1495080,0,否,未知
Viper（互关）,@ZhongMingYang00,0,否,未知
风枪点烟,@FQDY822,0,否,未知
电灯试试,@DengDian33441,0,否,未知
GuoTr（互关必回）,@GuoTr3pro,0,否,未知
Ciin 7mo,@yolo941010,0,否,未知
Jealousy ./,@eastweb3eth,0,是,未知
Edward,@Edward070412,0,是,未知
加密的币,@jack1113262,0,是,未知
Wong Adam,@WAdam_bossman,0,是,未知
Lydia_CanopyWave,@LydiaLi712898,0,是,未知
edgar yu,@edgaryu7,0,是,未知
MiniZooGirl,@azmxh45851418,0,是,未知
Warren Huang,@warrenhuangus,0,是,未知
擎天柱,@XEvrenAksel,0,是,未知
ＴＩＧ Ξ Ｒ·Ｇ,@Tiger_G_taste,0,是,未知
yang,@yangjc168,0,是,未知
YAN F0842TermMax,@YF879643963,0,否,未知
Web3里的mor TermMax,@luanasoareeees,0,是,未知
sanbilliond 山碧歛道,@billiond11009,0,是,未知
"就缺usdt(Ø,G)",@twkaiwei,0,是,未知
Shou San,@Tom_fo100,0,否,未知
王二,@0x00FFFFFFFFFFF,0,是,未知
躺,@lbolbo123456,0,是,未知
web3贝壳,@web3bkk,0,是,未知
打金街的西瓜,@ydncn123,0,否,未知
Dave 世说新•宇,@DaveSu0425,0,是,未知
wanderer,@LogicNonse,0,否,未知
Taoist Wild Dog,@Flysqz,0,是,未知
0xBrother Jelly BNB,@YQ7787,0,是,未知
China Unseen,@yuyanan,0,是,未知
邓姐玩币,@minjiebtc,0,是,未知
smithjame0501,@smithjame0501,0,是,未知
wu jin m（有关必回）,@wujinmi4,0,是,未知
鱼果,@tony3491,0,是,未知
wu,@bobiandkoko,0,是,未知
往上冲浪,@SimplastX,0,否,未知
Yau Ryan,@YauRyan28846,0,否,未知
Smile,@TianQiu9390,0,否,未知
小芳侠,@iffmeet,0,否,未知
iGarlic,@ablenavy,0,是,未知
章若楠,@zrn212020,0,否,未知
Make money,@bei__ji_xing,0,否,未知
烂人文,@nivekxft,0,是,未知
Grape（蓝V互关）,@stripchatcm,0,是,未知
梵·髙,@Van_Gogher,0,是,未知
斗宗强者,@pvoww,0,是,未知
Crypto长期主义者,@DexCryptoHub,0,是,未知
Echo(互fo),@Echoonceday,0,否,未知
玄链.edge,@jerry1392130,0,是,未知
dldw1314,@dldw1314,0,是,未知
Kunking_To the Mars,@yzkkk132,0,是,未知
Gloria,@GloriaHeyHey,0,是,未知
sol一鸣,@dagloyo,0,是,未知
能量魔法师,@KaspaASI,0,是,未知
Alex Wu,@0xAlexWu,0,是,未知
"Mr.chenOwOButter$ODYI’m.ink,π²❖,❖",@chenCQ423,0,是,未知
Jonathan,@jonatung1984,0,是,未知
Restart循环,@Restart2023HK,0,是,未知
D.C,@KKTALKK,0,是,未知
rain,@Rain10218761979,0,是,未知
硅基工具人,@guijigongjuren,0,是,未知
marquis,@marquis527,0,否,未知
if,@yayawudi666,0,是,未知
TiTi,@TiTi2046,0,是,未知
Jimutoc,@Jimutoc,0,是,未知
ASK,@rnhng181013,0,否,未知
枫叶,@nnfypmt,0,是,未知
Freedomman,@Abricxia,0,是,未知
nano,@nano13677,0,是,未知
史莱姆骑士皮埃尔,@pierre_wl,0,是,未知
linyishan,@lin_yishan,0,是,未知
Tom Cao（起步互关）,@tomcaokol91,0,是,未知
积少成多TermMax,@larusx,0,是,未知
Pi （互fo/）,@Pixianfeng99,0,是,未知
2983隔壁老王头#BAYC,@2983bayc,0,是,未知
ChicKing,@ChicKingRoasts,0,否,未知
cryptolaowen.eth,@cryptolaowen,0,是,未知
web3猎犬,@luomaowang83554,0,是,未知
Ren Wed3,@Bobo98190662,0,是,未知
チャン・マーズ,@chinaBoiledfrog,0,是,未知
BeyondThat,@that_beyon45156,0,是,未知
NM you,@MzhangN,0,否,未知
magic tao,@Amny60950572,0,是,未知
水手,@eokkhi,0,是,未知
Yichunli,@Yichunlizh,0,是,未知
Godliu,@GodliuART,0,是,未知
liubopxn,@NewstoTrade,0,是,未知
xiaowai,@xiaowai5588,0,是,未知
反方向飞的股,@WaynelLil,0,是,未知
Cameron Zheng,@zhngymn36181654,0,是,未知
violet,@violetfan520,0,否,未知
悦悦(100+顶级博主VIP策略聚合群),@PapinderB,0,是,未知
0xTrust王老湿,@Trust_Wang,0,是,未知
Koala,@Koala329422,0,否,未知
Kaylerris,@Kaylerris,0,是,未知
Nanonly,@nanonly26,0,是,未知
Khq | AI & Visuals,@cq_khq,0,是,未知
@baiyuesheng,@baiyuesheng,0,是,未知
jack tooo,@Jacktooo3,0,是,未知
北极流沐,@Beijilmoo,0,是,未知
lcarus,@BqCGzXAV7QIfnP8,0,是,未知
nianlaili2023,@nianlaili2023,0,是,未知
AnAn,@AnAn880055,0,是,未知
C21_,@C21_Odyssey,0,是,未知
羊仔,@xxu2069896087,0,是,未知
Zachary（互fo）,@Zacharyzcom,0,是,未知
peter rich,@fannnQvQ,0,是,未知
小小水,@DIOR5_20,0,是,未知
CPBNB,@btc99w,0,是,未知
石之缘,@hengzhe888,0,否,未知
NoahsArkLife,@didiDong16,0,是,未知
是小莹吖OVO,@qq489406109,0,否,未知
北冥｜Oriental,@Oriental_18,0,是,未知
逆袭的负翁,@snqngxi11758,0,是,未知
emma,@emmageen6589,0,否,未知
爱坤,@OPVentureCap,0,是,未知
crypto呆哥 BNB｜,@daige9527,0,是,未知
Web3探宝,@Web3_Treasure,0,是,未知
jun wang,@junwang979320,0,是,未知
AIronman,@agent_build,0,是,未知
Ajak,@jameslgr001,0,否,未知
寻路,@harryguo2015,0,是,未知
大福,@dafu_101,0,是,未知
Laowu Wang,@laowu_wang65509,0,否,未知
Francesscollections,@2810francess,0,否,未知
欲擒故纵,@dibya_4903,0,否,未知
you,@myangelyo,0,否,未知
Liam,@Liam_1567,0,是,未知
哈基米（互关必回/永不取关）,@HajimiCryto,0,是,未知
分享使者,@dxs1783,0,是,未知
蛋燕,@VividTrail30,0,是,未知
jieke,@jieke879,0,是,未知
老实人,@LaoshirenBTC,0,否,未知
Tom,@TomLin9988,0,是,未知
INJ Pass,@INJ_Pass,0,是,未知
GoldCat_Terminal,@GoldCatNews,0,是,未知
小鱼,@rogerteophili,0,否,未知
CMC,@ishine001,0,是,未知
嘟嘟噜噜～,@FeibaoJ74071,0,是,未知
加密游鲨（互关 必回）,@Pechlark,0,否,未知
Angela (互关互粉互fo）,@Flysh_fan,0,是,未知
盈途财经,@123cheerss,0,是,未知
江戸時代,@EdoTime,0,是,未知
Eric数字观察,@ericdigitalview,0,是,未知
脆皮鲨,@dolom233,0,否,未知
kay(互关必回）,@kayelzhl,0,否,未知
粥舟真人版（互关中）,@TjwSs1,0,否,未知
豆豆88,@i_laoniqiu,0,是,未知
清心不寡欲,@finch010101,0,是,未知
only_onepig,@only_onepig,0,是,未知
葫妹子TermMax,@888CaterinaRomo,0,否,未知
White Rabbit,@RoxPeanuto,0,是,未知
Haiyun | Director × AI,@haiyun0403,0,是,未知
yangyi,@yangyi8863,0,否,未知
Tuning Zhou,@TuningZhou,0,是,未知
再见 理想,@cocolele105897,0,是,未知
会飞的鱼,@dalangduoduo,0,否,未知
woshi.sui我是谁,@woshi_sui,0,是,未知
Sheldon Sim,@Sheldon_Sim,0,否,未知
Sophia's Notes,@SophiaNotes_,0,是,未知
大圣行者Kkz,@DSXZkkz,0,是,未知
苏苏的投资复盘本,@Yaosu0520,0,是,未知
Kevin_Z,@0xMaxiOracle,0,是,未知
Rebecca,@ljdream0710,0,是,未知
飛阿飛,@skytt918,0,是,未知
mark alvon,@MarkA70864,0,否,未知
kui wjee,@kuiuwj6382942,0,否,未知
Noemi,@Michael88257113,0,否,未知
Damon Luu,@yol11492302,0,是,未知
中式美学,@Leeergo268713,0,是,未知
以太行者,@rikz345,0,是,未知
全能王,@ymm666777,0,是,未知
好运嘉诚,@CryptoJiaCheng,0,是,未知
chaos,@wcho380737,0,是,未知
kerty,@kvxunz,0,是,未知
Daiweilee,@Daiweilee19,0,否,未知
津津乐道,@PigletsFlying,0,是,未知
Rachel,@RachelRifx,0,是,未知
有关必会，欢迎互关,@l7568530640768,0,否,未知
Mrbanana,@Atopos_banana,0,是,未知
马德里交易员,@daytradermadrid,0,是,未知
大伟链金社,@david1989_zhu,0,是,未知
61cat,@WYigiao95658,0,否,未知
Jane,@Jane13110376,0,否,未知
Storybrooke,@laoba122642,0,否,未知
panchun mou,@MouPanchun48567,0,否,未知
江南空投说π²,@gfgjhgghhh3,0,否,未知
Leoxin,@AIStockleo,0,是,未知
不万能的花艺师（有关必回 互关）,@Leoleo170,0,是,未知
Jarvis贾维斯,@Jarvis2hang,0,是,未知
交易员安安,@maisaiofu,0,是,未知
vager | 蓝V互关,@looismes,0,是,未知
心向桃花源TermMax | ETHGas,@babyyiyi0116,0,否,未知
Meiko James 在线互关版,@heatpress_pro,0,是,未知
Daniel Kim,@DanKim_Spring,0,否,未知
长安,@CA88889,0,否,未知
近几年,@babaisuidehaizi,0,否,未知
"jaeduk,kim",@jaeduk0258,0,否,未知
星期天-77,@sunday77985,0,是,未知
oldleek,@Kkk_Oli915,0,否,未知
ボルド,@cunian1,0,否,未知
莉莉安的自由日,@pangllly,0,是,未知
AI赋能360行,@awohaoa,0,是,未知
doctor Li,@BTC0660,0,是,未知
Timson-eth,@29er29shi29jiu,0,否,未知
Chao,@PChiu_TW,0,是,未知
Quest,@Quest9353,0,否,未知
COCONUT（互fo）,@COCONUT_uu,0,否,未知
Check if it's AI,@Check_if_its_AI,0,是,未知
加密小匠人,@RDimpas,0,是,未知
诗诗(互fo),@xiamochiqiu3,0,否,未知
doki（互fo）,@doki480205,0,否,未知
沉香,@chnxing467834,0,否,未知
Coinget官方,@coinget01,0,是,未知
Joseph | 价值投资 | 澳美股,@Joseph_value,0,是,未知
Melman Miller,@marshallseu,0,是,未知
小鱼学姐,@moyu1818,0,是,未知
斯凯,@woyaogaofuye,0,是,未知
BuildStarter,@BuildStarterHQ,0,否,未知
Joe,@JoeLi88888,0,是,未知
像素小猫,@pxkitten,0,是,未知
啊哈,@CZsLeftHand,0,是,未知
paddy13,@padns33,0,是,未知
springRIVER Term Max,@spring18185,0,是,未知
Rudy TermMax,@X_Than_,0,是,未知
Ai CT,@AI_CT_66,0,是,未知
什么又在幻想,@0XAAAADI,0,是,未知
榴莲RIVER（互关 有关必回）,@HQTyNRmddr35950,0,是,未知
Leo liu(FB 100%),@leoliu_123,0,否,未知
余,@yujie990708,0,否,未知
shaowei,@JWVt86etbC3MqX8,0,是,未知
Web3.Chas00（互fo冲1k）,@0x1Defender,0,否,未知
ivy,@binaryivy,0,是,未知
那年枫叶飘满天,@nnfypmt_AI,0,是,未知
crypto Hero.SENT,@crypto_her69944,0,是,未知
CNEX |RWAFi,@CNEXRWAFI,0,是,未知
三狗,@cryptosangou,0,是,未知
微风crypto,@Zmc5454,0,否,未知
睡吧达芬七,@SuisPasDaVinci,0,是,未知
DD哥哥,@DDGeGe78,0,否,未知
稻草人,@yC9KnWOLZ6pUSaK,0,否,未知
Last Metro,@LastMetro213,0,否,未知
区块大帝,@Btc9984,0,是,未知
双木成林（互fo）,@hobgyu180140,0,否,未知
FOMO King,@Btc9987,0,是,未知
Canen,@byCanen,0,是,未知
Jin Dexian（互Fo）,@jindexian,0,否,未知
Koala,@Koala438355,0,否,未知
Sara Yan | ETHGas,@zhangyanpizza,0,是,未知
双木成林（互of必回）,@HaiHieuDo185128,0,否,未知
冷暖先知 RIVER,@tong1733330,0,是,未知
stella,@guxioyng1972728,0,否,未知
Jackwong互Fo必回,@Owangnima,0,否,未知
三重刘德华,@qunqunAndguoguo,0,是,未知
Nick尼克,@nick1122tw,0,是,未知
蜜桃软糖,@fixz6017,0,否,未知
DreamFly,@DreamFly3110,0,否,未知
Cascade,@Cascade9108,0,否,未知
Coast Zhao（互fo）,@zhao_coast,0,否,未知
点头像进永不禁言群了解,@StreamElis71575,0,否,未知
金澜（互fo）,@jinlansv,0,否,未知
一口南瓜饼,@jh6oie,0,是,未知
Lumen Xiong,@LiwenxuanX56278,0,否,未知
吃瓜中国历史（互fo）,@linsang544891,0,否,未知
candy（互fo互关互赞）,@candy83935862,0,否,未知
陈着冷静（互fo或互关）,@ChenZhe32396,0,否,未知
叮咚,@suzhou462535,0,否,未知
佛爷,@PG_FOYE,0,否,未知
小芒果,@memes31472,0,是,未知
鎮命,@946552143544k,0,否,未知
归华夏,@Chinadingnan,0,否,未知
Vista观沧海,@CJirenta,0,否,未知
w_ww_meo（互fo）,@WwMeo16882,0,否,未知
点我头像看简介联系,@VerretCind21,0,否,未知
点我头像看简介联系,@DetraTetle15389,0,否,未知
日新月亿,@fq4377451,0,否,未知
Clutch DEXEbron,@hanzo9527,0,是,未知
Guan,@guanguan911,0,否,未知
美美哒100%互fo （互关互赞呀）,@lovemimi_hi,0,否,未知
D,@s8454732418501,0,否,未知
套利交易,@cdx1990113,0,否,未知
Yusukerino .edge,@yuusukeerino,0,是,未知
帥哥收藏夾 互fo,@awsefrta5436214,0,否,未知
罗文（互fo互赞）,@LuoWen825,0,否,未知
ophelia（互fo）,@OpheliaGao2024,0,否,未知
李李意霏（互关，不取关）,@LiYifei18576934,0,否,未知
国学易炫(相互関),@guoxueyixuan,0,否,未知
Cleo（互fo）,@zhuangwenchu,0,否,未知
Cola Sister～可乐妹妹,@lij249455852893,0,否,未知
高园（互粉互fo）,@FB8sVnVv4tMAhRJ,0,否,未知
Maria（fo）,@Tom346056139,0,否,未知
li yan wei（互fo100%）follow back,@li_wei87369,0,否,未知
momo,@SaiBhupathi14,0,否,未知
jk（互fo）,@chen319724161,0,否,未知
zhang yi 张翼互fo,@zhang_yi1997,0,否,未知
皮卡兵 欢迎互fo,@ArzaniLuciana,0,否,未知
0xJian,@Daphne982029,0,否,未知
Wei_YOLO（点赞前5条，百分百互fo）,@Diu_Wukon,0,否,未知
大蓝,@CryptoDaLan,0,是,未知
Conti,@Conti9139,0,否,未知
xuanxuan,@zhngxunxun1,0,否,未知
cnday（互fo，有关必回）,@cnday619430,0,否,未知
苏S.u,@Sjustyanhhshhsj,0,否,未知
链界水蜜桃,@stephani_alves,0,是,未知
喵小柚Crypto,@shuw39199,0,否,未知
哆啦美梦~爱买黄金,@CZYDD47,0,否,未知
小懒,@xiaolan1220,0,否,未知
我叫胡为（互fo）,@huahailidefenga,0,否,未知
Sidona,@sidona,0,是,未知
Sino-AfricaFriendship（互fo）,@Hifriend2025,0,否,未知
Daisy,@yi_wen78088,0,否,未知
2048.SOL,@Runestone2024,0,否,未知
jojo(互fo),@pi_qiu60746,0,否,未知
好妻网 中文官方（互fo),@haoqiwang99,0,否,未知
宋锦轩,@Crypto_JXuan,0,是,未知
c9yipka737（赚钱看主页）,@c9yipka73736265,0,否,未知
FthjfnLhvr31579（赚钱看主页）,@fthjfn11464,0,否,未知
b5ukzhz958（赚钱看主页）,@b5ukzhz95847577,0,否,未知
人工大黑,@daheiAI,0,是,未知
𝒸𝒸𝒷ℴℴ𝓂ℯ𝓇,@ccboomer_,0,是,未知
云深,@ShineYinn,0,是,未知
酸菜鱼丨Small,@Smallfishss,0,是,未知
TMGM-Leo,@LeoWang48003501,0,是,未知
Div ETermMax（互关必回，期待回关）,@dive7213,0,是,未知
燕子,@Enqt7d,0,是,未知
不说了,@MessiOvO_,0,是,未知
はな,@hiphopzch1998,0,是,未知
Echo,@EchoEngn,0,是,未知
Plum,@A_starv,0,是,未知
Selenevea,@Selenevea,0,是,未知
加密蜗牛哥,@EminentSnail,0,是,未知
江江的撸毛之旅,@HeyIts_jiang,0,是,未知
天行,@OwenDong_sy,0,是,未知
dónde está tu casa,@winbig1234_,0,是,未知
simo0n,@simo0n321,0,是,未知
Ningning,@NNNing99aj,0,是,未知
Coin凌X SENT,@yollysalazarrr,0,是,未知
Mr.佟/BNB,@Jayzhan55168789,0,是,未知
seele,@seele0923,0,是,未知
yongting yang,@switchbibu,0,是,未知
yuxiaoshan,@yushanyufeng,0,是,未知
六爻哥,@aamobh_2017,0,是,未知
Neo航海淘金,@NeoSailorLab,0,是,未知
Bamboo,@zkbupt,0,是,未知
阿森的资源库,@y4180741368915,0,是,未知
zhang（蓝v互关）,@AmiHebert6,0,是,未知
Mike·Long,@MikeLong404,0,是,未知
青蛙哥哥S,@Qingwageges,0,是,未知
tomy_,@tomy_tm1,0,是,未知
我好像只会炒币了（DOGE）,@masjjf,0,是,未知
Astar,@BadAstart,0,是,未知
Eliza币安,@sanshi33sanhao,0,否,未知
SC,@ShenChou12873,0,是,未知
苇杭,@0x_weihang,0,是,未知
s_popova,@autorambler_ru,0,是,未知
贊恩言Zion Speech,@GTAZion,0,是,未知
moying,@MoYingLZ,0,是,未知
夏洛克,@sherlock1688,0,是,未知
阿杰专注okx,@A3447761544,0,否,未知
一击命中（有关必回）,@N2qMo8KlRY604,0,否,未知
阮院互fo（币安返佣猛返版）,@BinanceReturn40,0,是,未知
emma xena,@shisihe14,0,否,未知
emi 爱米,@emiwnr,0,是,未知
Alice,@CAY168,0,否,未知
wbe3课程助教| RIVER | .edge,@UPSBTC,0,是,未知
幼儿园干饭第一名,@kabukon8888,0,是,未知
Edon,@Edonob3,0,是,未知
crypto媛,@Make83721052,0,是,未知
不与行,@buyuxing333,0,否,未知
海边可达鸭,@seapsyduck,0,是,未知
李槐楠,@lihuainan888,0,否,未知
a climbing fish,@TheClimbingFish,0,是,未知
CatsFriends,@culAnimal,0,是,未知
AlphaEG,@AlphaEKg,0,是,未知
大道无形web3,@AnkingeD,0,是,未知
覺醒後我咩都唔做，只係Ｘ上寫理財,@ddddhhhh8888,0,是,未知
Jatiya local Political,@shiliushule,0,否,未知
0xCoin,@0xcoin09376,0,是,未知
Alice 互fo,@3030sanshi30,0,否,未知
啵啵糖BoboTon,@RealBoboTon,0,是,未知
Burton_F4F 互關,@BurtonZong49875,0,是,未知
柠檬可乐 Zetarium TermMax,@ningmeng788,0,是,未知
大橘不重,@Gingercat6688,0,是,未知
"Liaoning, China",@LiaoningC,0,否,未知
Min-Ji 互fo必回,@2121ershiyi,0,否,未知
xiangxiang,@xiangxiang103,0,是,未知
左顾随笔,@lili5726,0,是,未知
财贝勒财经,@gongziliu7788,0,是,未知
0x莫斯科小冷|TermMax,@LENG81099119254,0,是,未知
Camille Dubois,@22er2222shier,0,否,未知
David,@Davidlam76,0,是,未知
后脑勺炸了（互关，必回，F4F）,@naole98091,0,是,未知
青燃 (蓝V互关),@toyHanli,0,是,未知
Doye(蓝v互关),@try2relax_top,0,是,未知
CW-Tao,@TaoCw50656,0,否,未知
Niu Bian,@lichun998803,0,否,未知
Evan Yuan,@Evan_Yua,0,是,未知
IL_circle /龙卷飞（蓝v互关中）,@LiuAaron89366,0,是,未知
BTC白牛,@BTC6w,0,是,未知
Fortwo.,@Fortwoweb3,0,是,未知
Kop,@zawe6hWtCAEkHHe,0,是,未知
JJTAN,@jjnnzz123,0,是,未知
Ran｜ TermMax,@0xxiuran,0,是,未知
嘻嘻 | ETHGas,@xx7724254424551,0,否,未知
Polycat,@Polycat090,0,是,未知
算力之外,@chu_yihe59047,0,是,未知
handbook,@hdhdhdb090,0,是,未知
FAMAKA,@famaka_official,0,是,未知
jack,@jack1983he,0,是,未知
Tiffany 互关版,@shibagege18,0,否,未知
NBA Manager,@huluobo009,0,是,未知
大鱼的愿望清单（ 投资实战记录）,@Bigfiah_wish,0,是,未知
web3勇哥,@sanshi36liu36,0,否,未知
SwapJoy (互fo),@wendyxiao425360,0,否,未知
阿君AI实战笔记,@jimg48218,0,是,未知
coco,@cocosamococo,0,是,未知
Steven温特森＠日本語勉強中 互关谢谢,@everwater9,0,是,未知
Maizi Silicon Base Research,@Maizi_Alpha,0,是,未知
Eliza,@4343sishisan,0,否,未知
Huds哥-互关版,@3737sanshiqi,0,否,未知
BLOX,@BLOXSUMMIT,0,是,未知
binancetoo,@chenouou001,0,否,未知
PHOΞNIX,@oxo816phoenix,0,是,未知
砂糖,@skskwd92686,0,是,未知
"liliButter(Ø,G)",@lili54524397163,0,否,未知
a simp,@asimpxxx,0,否,未知
月baby(互fo互),@honeymoon146582,0,否,未知
Dylan,@DaFu_Btc,0,否,未知
Oliver Smith,@olive6940,0,否,未知
Amclie-eth,@3838sanshiba,0,否,未知
橙子研究院,@chengzi866,0,是,未知
TT-暄BNB|Aster,@jingqing_z16832,0,是,未知
life,@life1947885,0,否,未知
漠菡【互 fo】,@momohan2025,0,否,未知
JIJIPASS,@jijipass,0,否,未知
印象中国（互fo 100%回关）,@cynyuyan2024,0,否,未知
ranran（fo）,@ranranyk,0,是,未知
CAC,@CAC4131,0,是,未知
CryptoHong,@btceth1818,0,是,未知
@hi_yadoufeng,@hi_yadoufeng,0,否,未知
Mars Walker,@742588830Gaojie,0,是,未知
Emily JohnsonFemale$FAN Max iπ²,@EmilyFemal61064,0,否,未知
落夕(互关互赞),@luoxi0521,0,是,未知
狼团社区～追梦者,@WG1688,0,是,未知
Stan,@Stanwxbi,0,是,未知
ctomservice,@ctomservice,0,是,未知
Druq （互关版）,@chenyu2009,0,是,未知
Re so so xi,@AgOpiahQDK17074,0,是,未知
Kelvin,@virtualkelvin,0,是,未知
隐匿玩家,@kone78681985,0,是,未知
NP,@tonightporter,0,是,未知
Amclie-互fo哥,@4040sishi,0,否,未知
SK简报,@Ethan8016,0,是,未知
toobe,@lwllol33,0,是,未知
踏空康复中心导师,@qkl6288,0,是,未知
enlighs,@enlighss,0,是,未知
阿豪Str（互fo),@Joyce0736,0,是,未知
Sakura,@nsqkdm2022,0,是,未知
懂王-任天行,@AlexRD69306111,0,是,未知
计件工,@mainfxy,0,是,未知
橙子Tina,@Tina_coin001,0,是,未知
Chloe,@si4646shiliu,0,否,未知
lixuemei,@lixuemei282254,0,是,未知
PandaCigar,@PandaCigar,0,是,未知
huhu,@huhu1554638,0,否,未知
yesterdaygone,@kui5kNp3NrfQJ01,0,是,未知
kevin,@dahulilang,0,是,未知
AI有道,@redstone1108,0,是,未知
ailth,@mushengziyue,0,是,未知
玄清子,@ZiXuan68227,0,是,未知
诚信小屋,@Premium_Pr0f,0,是,未知
48K纯白,@siss826901,0,是,未知
kenter昆(蓝V互fo),@YikunChen1983,0,是,未知
Ning,@MariRegina55109,0,是,未知
CodeMary,@codemary0304,0,是,未知
天元学历办证中心-学信网/留服认证/中留服认证/国外学历认证/毕业证/学历证/学位证/,@okx6000,0,是,未知
阿木,@Louis24795925,0,是,未知
Leo,@iiiwuxxx,0,是,未知
Mr Leslie.AI,@Leslieyu0,0,是,未知
Aleks,@si44shisi4444,0,否,未知
sara Web3,@Sara_kiu,0,是,未知
Wyhd Dhht,@5050wushi,0,否,未知
kk互fo·,@sonny0562,0,否,未知
海森堡_Soin,@Haisengbaobao,0,是,未知
福尔摩斯,@faiford,0,否,未知
polyfanyi,@polyfanyi,0,否,未知
光之翼,@winglight,0,是,未知
ming li,@Li2569Li,0,是,未知
Chippy-Chips,@Chippy20Chips,0,是,未知
虛擬貨幣投資理財 | ETHGas,@dodo761002,0,否,未知
fanchen,@FC__fanchen,0,是,未知
keyword（有关必回）,@keyword_12,0,是,未知
OrcaYao,@OrcaYao,0,是,未知
Elisa,@ElisaEnjoy16,0,是,未知
Beby.cn,@girlaccountancy,0,是,未知
区块链不是链,@jjjkkkunb666,0,是,未知
Setsuna_X,@nho86854857292,0,是,未知
Rosic--互fo版本,@san32shier,0,否,未知
kikt,@sonny5370,0,否,未知
Thuy web3,@ershiba28hao,0,否,未知
阅尽繁华和冷漠,@xiangyang0118,0,否,未知
包养,@gilbertqhk24568,0,否,未知
沈依依是个小疯子（互fo互关）,@lonely8390,0,否,未知
小橘（关必回）,@zhangxiaojubtc,0,是,未知
T1理财,@Finance_T1,0,是,未知
Uncle Johnny,@uncleJohnny,0,是,未知
迷路不是麋鹿 （互粉）,@LingGong34245,0,否,未知
Martha,@san3939shijiu,0,否,未知
daffodils,@daffodils_celia,0,否,未知
行情预测分析员 | Alic,@AlicPhillips,0,是,未知
Adam Wang,@adamydwang,0,是,未知
郑州,@jessicavzv56889,0,否,未知
炖刀Simmered Edge,@yijzhu,0,是,未知
Uncle Weird,@cloudmomo,0,是,未知
hcy ./,@hcy41549571,0,是,未知
DeepDive.SuperAI,@DeepDiveSuperAI,0,是,未知
bp-btc,@bapo0531,0,否,未知
fudeliuyouTermMax,@fudeliuyou88,0,是,未知
沧海老张（有关必回）,@PengjianZ5710,0,是,未知
lamoqu,@lamoqu,0,是,未知
0x聪丽,@BigCongLi,0,是,未知
数字狂徒,@shuzikuangtu,0,是,未知
禅·Chan,@ChanXin_0,0,否,未知
加密板砖,@majlustenberger,0,是,未知
Roy,@Roy93887259,0,是,未知
UziWang,@UziWang,0,是,未知
小呆哥,@xiaodaige168,0,是,未知
区块链小将,@ChainWin789,0,是,未知
rumi（互fo）,@rumi1684995,0,否,未知
Molly爱摄影（100%互,@buleskyKK,0,否,未知
Riven,@Riven1939,0,否,未知
𝓚𝓸𝓲𝓜𝓲 ˢᵘᵖᵉʳ,@KoiMiLee,0,否,未知
加密蛋黄,@kamila85513280,0,是,未知
嘉泽（互关互fo）,@jiaze13191,0,是,未知
risen zhang,@czcfl2048,0,否,未知
上帝睡着了（互关）,@owiby8,0,是,未知
Grail区块链,@GrailWeb3,0,否,未知
CryptoPulse Vietnam: Tin Nóng & Bê Bối,@CryptoBitgetBTC,0,是,未知
Zt,@Zt50729090,0,是,未知
羊羊Zzz,@YYzzz55,0,否,未知
Vanessa Liu互fo必回,@shijiugaga19,0,否,未知
𝔸𝕙𝕃𝕠𝕜,@AhLok888,0,否,未知
𝑲𝒊𝒏𝑳𝒐𝒌,@0xKinLok,0,否,未知
尘心T,@dragonball6100,0,是,未知
Zhenhao（互fo互赞）,@zhenshuiwuxian4,0,否,未知
Wolf Zhang,@Wolf_book_share,0,是,未知
Emma,@Emma98339068612,0,是,未知
SortinoRatio（回关版）,@RatioSortino,0,是,未知
锦鲤,@iRedKoi,0,否,未知
Crypto Ɐsɥꓘoı̣,@CryptoAshKoi,0,否,未知
加密胖东来,@zhangtingt5977,0,是,未知
Aryan,@bjtstech,0,否,未知
牛市先锋,@akqok29151765,0,是,未知
Jok dog,@dog_jok,0,是,未知
"Nanie 互fo (✱,✱)",@MarinelliN58971,0,否,未知
Amelia.eth,@sishi4747qi,0,否,未知
Cailyn Solis,@ytusx63969448,0,否,未知
难说,@nanSaying,0,是,未知
饭饭,@zjFkKxXMe520329,0,否,未知
Tiger9 ｜蓝V互关,@qianqian912693,0,是,未知
AZ 盗U 黑U换白U 标记U 洗U,@missyou44685409,0,否,未知
花棉.eth,@0xhmian,0,是,未知
枫追,@wPx0gZqfuW35632,0,否,未知
nikko xu,@nikko_xu722,0,是,未知
🅷🅴🅻🅻 iLv,@iLvSir,0,否,未知
奶茶 ᴹⁱˡᵏ ᵀᵉᵃ,@oiMilkTea,0,否,未知
𝓜𝓪𝓻𝓯,@0xMarf,0,否,未知
 今次撲街鳥ᴾᴷ,@iPKBird,0,否,未知
𝓦𝖊𝖇𝟛 Nikoo,@Crypto_Nikoo,0,否,未知
lovely,@lovely95199,0,否,未知
Aurielle,@aurielle927,0,是,未知
web3鸡哥,@sishiba4848,0,否,未知
金东One,@zxpzj11,0,是,未知
链上小天使,@MeganNicoleee__,0,是,未知
Spring牛马强,@l_ljq94913,0,是,未知
cornRatking,@cornondo,0,是,未知
小唔,@hoynfi562061,0,否,未知
辣椒,@pepperforblock,0,是,未知
Ray懒羊羊FDUCK方鸭HTX,@web3rayxy,0,是,未知
芦苇漾漾（互fo）,@yangyangnupeng1,0,是,未知
努力TermMax,@lov769666,0,否,未知
ewool,@spacepickyou,0,是,未知
迫不及待,@xhm13147,0,否,未知
Laowong｜MemeMax,@LAO2Wong,0,是,未知
厦门,@mercedesqv42726,0,否,未知
加密番薯,@0xFanshu,0,是,未知
TangQingyue（ai 信息差 创业商机,@tangqingyue,0,是,未知
ikun,@jinitaimei91lu,0,是,未知
Bruce Lee（）,@BRUCEKI63919400,0,否,未知
Chester,@chester4e,0,否,未知
stackis,@findmyself12321,0,是,未知
may 阿沫 （100%互fo）,@piter60420738,0,否,未知
链上小苦瓜,@alan_crypto8,0,是,未知
链上小帅,@ArianaIsMyDrunk,0,是,未知
加密财多多,@RoseeyaB,0,是,未知
链上小黑,@qidui1688,0,是,未知
hrt,@lzhqng21111,0,否,未知
Ives Ethanael,@IEthanael5677,0,否,未知
"ty(Ø,G)",@4kIQDWSk6V39167,0,否,未知
jhty,@u1V3ZxbTnL37111,0,否,未知
MiniDoll,@CholeDollAI,0,是,未知
目口口口口,@mutian414,0,是,未知
www（互推私）,@mchiu79696512,0,否,未知
躺平小老虎,@tiger_czh,0,否,未知
币圈呆呆,@BrunoMarques150,0,是,未知
0xMurphyf.sui,@Murphyf919,0,是,未知
霧島,@luckchen450342,0,是,未知
九离（有关必回）,@daaixiaren,0,是,未知
夜焔,@shan_tai47040,0,是,未知
0xwill,@0x_WILL3,0,是,未知
加密小白,@zmni260,0,是,未知
"Souleigh(, )",@Souleigh_Hong,0,是,未知
互联网赚（点头像开始了解）,@HHulslande23807,0,否,未知
财哥（赚钱点击头像）,@BryanWilli81221,0,否,未知
猫少（ 2026最新项目主页),@quattlebau19772,0,否,未知
泽哥（点击头像开始赚钱）合作共赢,@LouryLynds9695,0,否,未知
财神爷（赚钱点击头像）,@Michael50391007,0,否,未知
孟教授,@meng_shou1986,0,是,未知
zt,@zhangtao_1216,0,否,未知
Keen.木白,@Leo_Phantom8,0,否,未知
毛豆,@BTCAV988,0,是,未知
Nero,@nero19930123,0,否,未知
James Du,@aduvsyf,0,是,未知
百U战士 BNB,@Cryptodrop_web3,0,是,未知
J,@OXJG66,0,否,未知
YaO LvAn,@Its_lvann,0,是,未知
老張1978_Old Chang1978,@oldchang1978,0,是,未知
Vicky（互fo互赞）,@keqiyao66,0,否,未知
比特币起飞（互相关注）,@worldaauu,0,是,未知
bieji,@leixialei,0,是,未知
N（互fo200%）,@BekjanAlxer,0,否,未知
おーもり,@yuuki_05122,0,否,未知
lui6300,@lui6300,0,是,未知
反手做多（互关必回）「T」,@coin_cjb,0,是,未知
lila rodrigues,@lilarodrigues,0,否,未知
July,@July2028092,0,是,未知
qwq,@QwenQwQ,0,是,未知
Hana.eth,@232323ershisan,0,否,未知
Nathan,@IFBinstant,0,是,未知
AI Flash Insights (AI闪讯),@DailyAIFlash,0,是,未知
0xQing.,@Su7BTC,0,是,未知
Coinrich 美股vip聚合社区,@coinrich1000btc,0,是,未知
带着瓷器去跑步（互fo）,@runboy_8875,0,否,未知
酷酷熊,@0xjack0x,0,是,未知
VPN飞鸟,@Feiniao_vpnvpn,0,是,未知
demonyins（蓝V互关/永不取消）,@demonyins,0,是,未知
好好晒太阳（互fo互关互赞~秒）,@hao_shai59541,0,否,未知
保时捷卡卡（私信前先关注）,@XLjbv,0,否,未知
AI实战派康Sir,@imolingcn,0,是,未知
weiliang,@Code2World,0,是,未知
龙文,@longqw1989,0,否,未知
Bill.瑾瑾,@TomBill99999,0,是,未知
huchenyan(互fo),@huchenyan2,0,否,未知
巴菲猜,@bafeicai,0,是,未知
三多,@l1970300665,0,否,未知
Ming DU,@duming324,0,是,未知
卿uvu,@wbxlb666,0,否,未知
溜溜球 (有关必回）,@voocel,0,是,未知
@jackbowes19,@jackbowes19,0,否,未知
"ME, MYSELF, AND I",@g_tiyatta,0,否,未知
Aaron Chu,@Garen08275468,0,是,未知
Yui Sato,@ershiyisui21,0,否,未知
baozong,@baozongBZ,0,是,未知
H花胖,@0x20002,0,是,未知
X Miles,@Miles_trader_,0,是,未知
CryptoBlaze $BARD,@ShervaUmar,0,是,未知
kamimimi,@kammy8660,0,是,未知
Crypto Sean,@sesanran,0,是,未知
星河（互关）,@StarRiverXH,0,是,未知
Sofia,@ershi2525wu,0,否,未知
gitenlab,@gitenlab,0,否,未知
Crypto&AI is Future 互fo,@garysh0605,0,是,未知
Jimmy-吉米,@dami59888,0,是,未知
0xTunTun,@0xTunTun,0,是,未知
Isabela Souza,@sou27457,0,否,未知
Alex | let's connect,@Alex_laoge,0,是,未知
你很阔爱TermMax,@nihenkuoai,0,是,未知
马克如Mcrowe | ETHGas,@YelowMc,0,是,未知
是伪人不是伟人,@spanishspg,0,否,未知
熊大,@xa_i__,0,是,未知
MeMe _蟹老板BNB（蓝v互关）,@AsutinTu2,0,是,未知
加密军师（重启版）,@YYDSGZH888,0,是,未知
萤火 ᕕ( ᐛ )ᕗ,@hey_akie,0,是,未知
Crypto101Hub,@Jiu404438676261,0,是,未知
工匠,@ianzo0,0,是,未知
幼师怡宝,@ashuoman,0,否,未知
ilerix,@xlr830488386796,0,否,未知
桑尼桑尼,@sonny5639,0,是,未知
Andy,@ToolByAndy,0,是,未知
Mia,@fyng2981011,0,是,未知
Faye（互fo,@Pomegranate_11,0,否,未知
链上小天才（有关|必回）,@Ella1492654,0,否,未知
老毒先生_万币侯财链,@LDXS2022,0,是,未知
Christiano Chow,@Christauss,0,是,未知
LCB,@LCBUILDING,0,是,未知
bakayaro,@yangkongloong,0,是,未知
Alien(求互关）,@JjYurialien0000,0,否,未知
丁甲,@dingjia55,0,是,未知
Tianna-DN.com,@Tianna7524,0,否,未知
加密老师傅,@JMLSF2002,0,是,未知
Dr.Crypto,@Dr_Cryptofish,0,是,未知
阿胜爱看球,@sisider86,0,否,未知
KK Summer(互fo100%),@KkSummer39387,0,否,未知
溜溜球 (有关必回）,@poxul_AI,0,是,未知
Louis,@louis46002525,0,是,未知
功夫小卫,@mlzs_cn,0,否,未知
alien Building on Bitmap,@alienbtcbloom,0,是,未知
ddoo-doctorTermMax,@ddoo1986,0,是,未知
Nick | BlockMemo,@rtyo0o,0,否,未知
Stella0818,@RENLEIWUYU,0,否,未知
Emily,@san31shiyi,0,否,未知
Aiko Tanaka,@shisanye1313,0,否,未知
Heidi fo％100,@42sishier4242,0,否,未知
绝活哥-web3,@ershi27qi27,0,否,未知
navi,@navi___eth,0,是,未知
猫十七,@karen8674766826,0,否,未知
马红梅,@muhanmode123,0,是,未知
抄底之王抄穿肠,@paperholder_sol,0,是,未知
Haijk,@hlun11338,0,是,未知
打倒左棍,@daozuo2026,0,否,未知
"牛奶""RIVER""",@wangdaleng,0,是,未知
OmniHelix,@OmniHelix,0,是,未知
Q summer（互fo100% ）,@yongji9039,0,否,未知
我不知道（秽土转生版）,@3504568079p,0,否,未知
哈里Hah ( 互关版 ),@ansin_eth,0,是,未知
小胖.Wells,@xiaopang940725,0,是,未知
Ava,@4545sishiwu,0,否,未知
Kobe LBJ,@KobeLBJ5,0,否,未知
若邻(100%互fo),@Kevin61721510,0,否,未知
Suger,@Suger30834289,0,是,未知
Nympha,@Nympha9176,0,否,未知
Dylan Oh,@DylanOhhh,0,是,未知
羊羊Zzz,@xiaoziyueQ,0,否,未知
simple | ETHGas,@snowtea0,0,否,未知
逆境開司,@DongKsi,0,是,未知
鉴货官,@Jianhuoguan,0,是,未知
AutumnLover(互fo),@pandamind11,0,否,未知
Weiss,@Weiss18180938,0,否,未知
忘我/互follow关,@M8Xbox,0,是,未知
币圈牛魔王,@lelecristin,0,是,未知
SKY,@SKYbrlc,0,是,未知
Johnny Zhang,@zhang_zjing,0,是,未知
TimTimmy,@Tim8nbm,0,是,未知
爱撸毛的慢羊羊（互关）,@sanek231185,0,否,未知
Rick TMGM,@RicktTmgm,0,是,未知
MiniDoll,@MiniDollSW,0,是,未知
zt,@zhang_xian56771,0,否,未知
训币带师判官,@BTC9787,0,是,未知
Jayce Petty,@twsji64631649,0,否,未知
小熊饼干,@xy5186,0,否,未知
Crypto Apostle,@qkl9963,0,是,未知
Crypto Disciple,@qkl1541,0,是,未知
Natta,@Web3Natta,0,否,未知
Cruise,@papapa16888,0,是,未知
远方,@smallbug587990,0,否,未知
DD_trust,@DD137BTC,0,是,未知
Lasa,@gazia0531,0,否,未知
小痕,@vo929gig0OAsOpn,0,是,未知
destiny 互fo,@destiny92872887,0,否,未知
Yolanda-乂丫,@yolanda_chinese,0,否,未知
Farui | Bluebird,@web3_farui,0,是,未知
Mike Rozzi,@largeren8,0,是,未知
东篱,@DongLi64670501,0,是,未知
黄色的牛 - 我不是黄牛(诚信互关）,@getrandomcode,0,是,未知
小新 |,@zuojinha,0,是,未知
OfficialDaddy(蓝V互关),@0fficialDaddy,0,是,未知
Zi Feng,@ZiFeng27624012,0,是,未知
leonseoigin,@leonseoigin,0,是,未知
许合子,@H05oc7hZwx95691,0,是,未知
冒泡。TermMax,@AlkanzyMys6,0,是,未知
Henadz,@genabuhlak1,0,否,未知
大力蛙.BNB,@Clincz123,0,否,未知
船长路飞（私信前先关注）,@Lf8977,0,否,未知
空悬 | 蓝鸟会,@shmilyzhou888,0,是,未知
Ming 互关RIVERTermMax,@ming23997,0,是,未知
Quintin Dunlap（互关）,@wcubq89164411,0,否,未知
Fabiana Da Cunha,@FabianaDaCunh15,0,否,未知
Leonardo,@Leozindicria,0,否,未知
Check if it's AI,@pianhangx,0,是,未知
Globe (球哥),@KelvinWan8,0,是,未知
Orion,@Orion1359,0,否,未知
moshi,@web3moshi,0,否,未知
IUDDBNB,@IUDD222,0,是,未知
房策（济南）,@lb377204209,0,是,未知
jych,@jych826,0,是,未知
Momo,@bonzesbonzes,0,否,未知
WenAirdrop,@10U01_233,0,否,未知
简单说一下,@Justinanhy,0,是,未知
フォロバ100絶対,@maronpu2009,0,是,未知
Crisp bamboo shoot,@Crispbambshoot,0,否,未知
Kiki丨AI 商业实战,@Kiki_NoIce,0,否,未知
华黛,@huadaix,0,是,未知
"LFGFaybase.eth(❖,❖)TRIVER",@LFGFay,0,是,未知
欲擒故纵,@jenine_eth53079,0,否,未知
Yang,@yangche89737934,0,否,未知
CS BNB,@CORSACXX,0,是,未知
malinlinTermMax,@malinlin3111729,0,否,未知
雁过留声,@szygls,0,是,未知
轻舟财富日记,@XhqPY5fApx78641,0,是,未知
茉莉『互fo』,@rouyu733785,0,否,未知
Rayan Hays,@fmalx85396767,0,否,未知
我的世界很有趣,@wldsofunny,0,否,未知
Jacky无限生长,@wuyeebaby,0,是,未知
Integrated Media Lu'an（融媒六安）,@RongMei_Luan,0,否,未知
Cora Sexton,@ldjjn45511721,0,否,未知
12227（戒色版）,@wihomi127984,0,否,未知
نهى,@dl9_ti,0,否,未知
欲擒故纵,@monikakala,0,否,未知
Walle9527 | TermMax | Zetarium,@walle9394,0,是,未知
墨迹王中王,@hibbantaqi,0,否,未知
奶龙弟弟.NaiLong（互关）（follow back）,@DarkLin68988814,0,是,未知
小小怪下士,@x3BXGVkGSr96545,0,否,未知
China Xinhua News,@XHNews,0,是,未知
闹得欢快,@3356089528a,0,是,未知
PeoPle Hero,@hero88996,0,是,未知
一条胖头鱼,@bee06116,0,是,未知
K线舵手陈老师 | 0xChen,@0xchenlaoshi,0,是,未知
Hyran,@Hyran01206681,0,否,未知
DS QW,@qw_ds51660,0,否,未知
你说的都对。,@lxlx01111,0,是,未知
BlockHunter阿笑,@Web3Axiao,0,是,未知
bobby,@pacermafia97,0,否,未知
lili,@ll31170189,0,否,未知
阿布,@GChen18567,0,是,未知
超凡小柔(私信前先关注),@Cfgzs8,0,否,未知
阿甘-互fo版,@26ershi2626,0,否,未知
Aline Souza,@AlineSo14469286,0,否,未知
卢庆圣（欢迎交流分享）,@sheng_qing83002,0,否,未知
白鹭（蓝 v 互关）,@lanhai02501235,0,是,未知
crypto yang,@chengYang2025,0,否,未知
咪嘻冰城,@MixiBingCheng,0,是,未知
四月,@necro__byte,0,是,未知
Mondies T,@jarven7177,0,否,未知
sealove,@moonlitsealove,0,是,未知
马逍遥KOKO•巨星少爷,@HotStarKOKO,0,是,未知
Mike香蕉,@Mike_Banana,0,是,未知
Streetzo.base.eth,@streetzocom,0,是,未知
Lucky.OKX,@brc20_memeking,0,否,未知
Moon Mahir,@moonmahir470,0,是,未知
北冥有鱼,@BeiMingYouYuZX,0,是,未知
YEMZY,@officeryemzy,0,是,未知
Web3_小海,@Web3_laowang,0,是,未知
山竹,@shanzhuyiyi,0,是,未知
Echo在加互fo,@EchoYeinCa,0,是,未知
特洛伊 · 马,@mommy7390,0,是,未知
Vincent,@win1688888888,0,是,未知
gz33,@zrbgm78728234,0,是,未知
funandjoy,@funandjoyweb3,0,是,未知
AlanKuang,@AlanKuang7779,0,是,未知
Shimea(互关 fb asap),@shimea61365,0,是,未知
夔,@iukud,0,是,未知
Gary,@MC123121,0,是,未知
雪豹（互fo）,@ariesss_84,0,是,未知
藍色彈塗魚｜MemeMax,@chenchen4410999,0,是,未知
Fitri besare,@fitri_besare,0,是,未知
OSINT•毒藤 ‍,@Wanna_Cry1,0,是,未知
love -,@77KMRp5qFh13386,0,是,未知
Ox王也,@Oxwangye100btc,0,是,未知
冯三好,@feng56021,0,是,未知
账号出售平台｜TG老号 实名号｜推特号｜YouTube｜TikTok｜ 顶级号商｜批发,@TGXaccount666,0,是,未知
80Flast,@80Flast,0,是,未知
Joey.btc(互关),@joyboy_sats,0,是,未知
豪仔.patel,@pritipatel2238,0,是,未知
杀死mm,@wuliu1158,0,是,未知
社恐大烤鱼,@skdky33,0,是,未知
"note,,",@note37tal,0,是,未知
阿孚,@Fu7ok,0,是,未知
ALLUN,@huang321850,0,是,未知
失落灣,@zhendexiangxiao,0,是,未知
火焰骑士,@opalupa,0,是,未知
一季烟雨凉うRIVERTermMax,@Alex_jmo,0,否,未知
August丨蓝鸟会,@august20210501,0,是,未知
机智韭,@Clytzejizhijiu,0,是,未知
宇哥顶级KOL付费聚合群,@rachits49719753,0,是,未知
Limaximuser,@limaximuser,0,是,未知
狼烟 | 互赞互评社群,@GYinWeb3,0,是,未知
贰房东Bird,@ErFangDong_,0,是,未知
鲨鱼辣椒,@jiancaiwangge69,0,是,未知
周工•Chow Gong,@chowgong985,0,是,未知
suzhe,@suzhe001,0,是,未知
一叶知,@macmicro1,0,是,未知
Dafashi,@WDarout23727,0,是,未知
小鱼儿闪闪RIVER,@yushanshan1123,0,是,未知
Lewis爆肝战神./,@LewisKuo2,0,是,未知
0x龙龙,@0xUncleLong,0,是,未知
stacof,@stacofman,0,是,未知
羊角包,@yeokan_,0,是,未知
林安安 AnAn,@shiqiha17,0,否,未知
Dehao,@xuejoker168,0,是,未知
吴兢 | AIxDesign,@wuzhu_,0,是,未知
地蛋-撸毛蛋,@JIUGONG666,0,是,未知
shoye,@shoyer_v,0,是,未知
Vajra Wu | 金刚说,@VajraWu,0,是,未知
XP 中文,@xpcom_cn,0,是,未知
Oldsix .|M| memex,@madao1471212,0,是,未知
一五三七,@835060019q70190,0,是,未知
ApBurning｜蓝鸟会,@ApBurning_,0,是,未知
Whitetea,@whitetea480,0,是,未知
韩立,@Han_Li_818,0,是,未知
ʚ 黑眼圈患者 ɞRIVERTermMax,@CorpsDeBlah,0,否,未知
Miles Dong,@SkyDreamk,0,否,未知
junfwang,@wangjun6489,0,是,未知
行者达达,@dali51334388,0,是,未知
楚楚KOL聚合社区(顶级头部带单联盟),@slechere,0,是,未知
Gabby梵梵,@GabyAtBitMart,0,是,未知
Ayden Fox,@ClarkArden123,0,是,未知
TMGM-Tommy,@tommyyyyyyyc,0,是,未知
加密娘子 . YFSX VIN,@cryptolady48,0,是,未知
魔盒君,@GQ6668_,0,是,未知
拿幸TV,@Cyberzks,0,是,未知
LKO,@Maoqiu528,0,是,未知
millionairelin,@linxinsnakeone,0,是,未知
check520,@WinDrunken,0,是,未知
撸大师（回关给你点赞版）,@jaykaito09,0,是,未知
sy.eth,@loly7598,0,否,未知
资深老丝,@laosieth,0,是,未知
阿sen（勇敢牛牛版）,@lhu46288721882,0,是,未知
流浪海盗,@Liminlin123,0,是,未知
梵高的Web3笔记（互fo）,@sandeep86536350,0,是,未知
黄四郎,@Duliuyu,0,是,未知
小馨芽,@xngxng141696,0,是,未知
Antoine Dubois,@dub83213,0,否,未知
will,@willzero,0,是,未知
Bin,@Bin686218782819,0,是,未知
比特币道,@Bitcoin188,0,是,未知
jamesdaydayup,@jamesdaydayup88,0,是,未知
唐Jesse,@Ludwigtang,0,是,未知
Carl Tin,@TinCarl6,0,是,未知
链上幽灵,@LeighRayla23765,0,是,未知
Xz,@HelloEast20569,0,是,未知
Ethan Wong【互关】,@ethanwong2077,0,是,未知
╰蓝鸢尾* RIVERTermMax,@Donald_Thacker,0,否,未知
Akira_互fo中（web3）,@twenree,0,否,未知
youtiao,@huangcheng943,0,是,未知
Noemi,@noemi_nooo,0,是,未知
0xKenny,@Kennylong999,0,是,未知
区块捕手,@QKBS2002,0,是,未知
东野./TermMax,@ldld888888,0,是,未知
SheTermMax,@sissibbjk,0,是,未知
Gojo Satoru,@prprwnngsh,0,是,未知
ChiChi,@chichi90673052,0,是,未知
老康ai分享,@laokangLK,0,否,未知
Gigi,@Gigiweex,0,是,未知
Grace,@gracegirl_grace,0,否,未知
0xCreazy.edge|SENT,@genio_tony,0,是,未知
Cheery,@suran0811,0,是,未知
XbondAI,@XbondAI,0,否,未知
OLIVE柯烈,@OnlyLIVEOnce888,0,是,未知
Fisher,@HelloFisher2022,0,是,未知
Alladin,@AlladinMagic123,0,是,未知
keka,@sonny0614,0,否,未知
静哥.btc,@biquanaishen,0,是,未知
Miko,@web3Miko,0,是,未知
推特解冻/推特解封/抖音举报/抖音封号/抖音解封/小红书解封/征信修复/,@RahayuHamid,0,否,未知
sony互关哥,@sonny7052,0,否,未知
0xFrank｜1000XGEM,@ToTheMoon_1day,0,是,未知
周叔人,@Zhou_financial,0,是,未知
链上老狼,@AndreyVolk15,0,是,未知
Mortis,@Mortis7d,0,是,未知
Spiffy,@mide_spiffy1,0,否,未知
链上兄妹中的妹妹（互fo中）,@Lsxm1103,0,是,未知
auok,@almashraki90m,0,是,未知
咸鱼,@xianyu_web3,0,是,未知
0xTommy,@cryptotommy1227,0,是,未知
Li Mei (李梅),@shierha12,0,否,未知
HeelsDiary,@RedSoleMuse,0,是,未知
NinGoo,@NinGoo,0,是,未知
夏布去 BNB,@kazhakusiiii,0,否,未知
哪吒买币》百万实盘,@cangxiaom,0,是,未知
映清歌BNB,@qingge369,0,是,未知
Ox保安,@0xbaoan23,0,否,未知
火星,@gumpbing23,0,否,未知
炼金.sol,@YangYang109397,0,否,未知
web3 分析师,@higgocastro1,0,是,未知
Gopalpandia,@Gopalpandia1,0,是,未知
区块小达人,@bo7med90,0,是,未知
钱包幽灵,@Ranoooosh_55,0,是,未知
Fe1ix-蓝V互关-每月定投,@1354886319d,0,是,未知
Vincent｜XT,@vincent_xt,0,是,未知
Emily Zhang,@shiwuga15,0,否,未知
悟而后醒.web3,@fzx1020,0,是,未知
Jiadai 加代🫆,@jiadaicrypto,0,是,未知
归舟｜系统还原,@lygz012,0,是,未知
马飞飞（二级方向）,@Mfeifei_1,0,是,未知
Is.Me.Will,@WilliamN29851,0,是,未知
feynman0201,@feynman0201,0,是,未知
E.T（互）,@0iron0,0,是,未知
newerBeAloneRIVER,@NewerAlone_ETH,0,是,未知
X0AI,@X0AI_DOG,0,是,未知
赚 麻,@yichen1806,0,是,未知
以太坊达人,@chenouou005,0,否,未知
Cryptopartner,@Crypto_Partner1,0,是,未知
kay,@gekai2046,0,是,未知
黑猫侦探社||||您身边的查档专家||||婚恋||||司法||||隐私||||器材||||,@okx800,0,是,未知
天赐小师妹,@tiancibaby777,0,否,未知
李敬桥,@tunxinlieeff,0,是,未知
我是流萤老师,@sa91876,0,是,未知
LeoLiang,@forleoliang,0,是,未知
𝐳𝐣 Ø,@zionjog,0,是,未知
安可羊,@hins__cheung,0,是,未知
Shu哥做空投,@Shuge181,0,是,未知
区块链猫哥,@34sanshisi,0,否,未知
Mamdoh,@ty37503403,0,否,未知
look03669,@look03669,0,是,未知
Lubov,@Lubovyyds,0,是,未知
币圈气氛组,@StellarWander,0,否,未知
哈希研究生,@RuthLorenzoCF_,0,是,未知
Omar Web3,@omar_onchain,0,是,未知
0xPikachu,@0xPikachu88,0,是,未知
bithuhuRIVER,@DaZzoorr,0,是,未知
Ace三木,@SanMu_0001,0,是,未知
史蒂夫课代表,@Ccysh9,0,是,未知
Jimye,@Jimye395725,0,是,未知
Odin,@0x_Odin_,0,否,未知
Huahua Talks Crypto,@georgiahampxox,0,是,未知
哈希猎人,@MadeshiaPramod,0,是,未知
光哥web3-互fo,@san35shiwu35,0,否,未知
小铭A7之路TermMax | ETHGas,@xiaomingmomoda,0,是,未知
Ascent,@Ascent9362,0,否,未知
RickVoid,@RickDrm,0,是,未知
"Jerry Foo|TermMax, Zetarium",@foojerry425,0,否,未知
Koi Gold,@KOIGOLDGO,0,否,未知
Future Gold,@futuregoldx,0,是,未知
Freedom,@binlaniua,0,否,未知
ilosic,@ilosic_czw,0,是,未知
Shmily丶Swag,@Shmily_swag,0,是,未知
"源头查档、开盒、查户籍、开房记录、手机定位，人轨迹，行车轨迹，微信，抖音，快手，小红书,QQ，微博等",@nayeloor,0,否,未知
Web峰,@Tiefengweb3,0,是,未知
京城护卫build on rialo,@kwn7878,0,是,未知
奈诗,@syhm2024,0,是,未知
AppSail.dev,@AppSaildotDEV,0,是,未知
加减法jiajianfa_,@web3_jiajianfa,0,是,未知
Adenfly,@lyzdenda,0,是,未知
观思者,@mitking,0,是,未知
神光（有关必回）,@sGWb6VRKGIhDjmz,0,否,未知
区块妙妙屋,@vipinve92899578,0,是,未知
安西教练,@AnXiBTC,0,是,未知
Egu(GU),@eguku15290,0,是,未知
欲擒故纵,@MarcMonson1,0,否,未知
timekey.ethRIVER Moss,@mybitstar,0,是,未知
joshuatang,@joshuaatangge,0,是,未知
Yang Yang,@hualun23,0,否,未知
WY_mask,@WY_mask23,0,否,未知
等君,@Wait_jun,0,是,未知
Pitch Pulse,@PitchPulseX,0,否,未知
Apex,@PulseFc_,0,否,未知
媽媽 | ETHGas,@mm44809513,0,否,未知
浣熊•慢富笔记,@tomwithweb3,0,是,未知
香菜菜,@letuananh11,0,否,未知
海外订阅U小助手,@btceth1188,0,否,未知
币圈第一深情竹子（100+币圈聚合群稳定版）,@qp91819,0,是,未知
树先生（互关互助）zetarium,@hc2668,0,否,未知
"Auracle.base.eth ,",@Dhe_Aura,0,否,未知
Rocks | 熊市专注kol养成版,@rocksbtc,0,是,未知
william fournier,@wazzywazza,0,否,未知
Alicia_,@Alicia09123,0,否,未知
摄影师荒岛,@huangdao5,0,是,未知
Jim | Research,@Jim519,0,是,未知
胖鸡BNB,@fattychick0x,0,是,未知
Base,@base,0,是,未知
比特老吴,@wzhuyng1,0,是,未知
0XFeiii,@Fe_i777,0,是,未知
Abby Nkuna,@NkunaAbby,0,是,未知
九江月.hl,@0xMaxs,0,是,未知
发量不多程序猿,@yuanbaopower,0,是,未知
Ezevesque,@ezevesque,0,是,未知
Q工坊,@QiZhihua81487,0,是,未知
whysoboring,@whysoborin28151,0,是,未知
股票海盗,@saulo_henrique9,0,是,未知
Leo爱澳洲,@LeoLoveAu,0,是,未知
Basharat Ali Bajjar,@Basharat_bajjar,0,是,未知
Marvin10 Ni,@Marvin10N27411,0,是,未知
小唐姐,@handong1210,0,是,未知
夜色（互关版）,@yjy040604,0,是,未知
福瑞锦鲤 （互关）,@BbuyCnd,0,是,未知
Lakshmi Narayana pampana,@Narayananandam,0,是,未知
加密Krystal,@Krystal_Eth,0,是,未知
喜多川,@chuanxiduo,0,是,未知
FailSafe,@getfailsafe,0,是,未知
Eduardo Souza,@Edussasdq1,0,是,未知
M Cheng,@makai1201,0,是,未知
Mafandy,@mafandy28,0,是,未知
Medicine Mavhondo,@Medicinn1,0,是,未知
angie lizeth rios,@anaqqeer1,0,是,未知
Frostlegend,@ssdqkkjj111,0,是,未知
Hasan,@HasaBilgi01,0,是,未知
Igbokwe Valentine,@Devalsss04211,0,是,未知
Alberto Lorenzo,@AlbertoLN123,0,是,未知
Dawson Santee,@DSanhmha11,0,是,未知
Angel,@wqerqqq12,0,是,未知
Pingüi,@CmCristia123,0,是,未知
tt novo,@CaroPeixto1,0,是,未知
morann,@MorAsadfmar1,0,是,未知
ASHOK KUMAR,@ASHOKKU63903668,0,是,未知
Ejongfen Donnattien,@EjasdfnD1,0,是,未知
Francisco Riquelme.,@Caciqxss12,0,是,未知
Dwaraka Mohan,@dwahanljgd13,0,是,未知
ABHAYA KUMAR,@akpasdg543,0,是,未知
Maritzz,@maritzamr,0,是,未知
شـمّـا,@Souass1231,0,是,未知
大道-清静无为,@ghphome,0,是,未知
Innocent Nhlapho,@INhlasad12341,0,是,未知
Rico Montrel Sanders,@RicoSuasdsa112,0,是,未知
maribel acosta diaz,@marggfdg1123,0,是,未知
0xKILLFYCLOUD,@HybridMindAGENT,0,是,未知
Élida Araújo,@elidacaraujo,0,是,未知
阿木木（枯坐打狗版）,@Wildwood2025,0,是,未知
Ricky pratama wijaya,@Rpw96,0,是,未知
Dubois Lucas,@lucsadasglll1,0,是,未知
加密大满贯BNB,@manguan235,0,是,未知
Joaquim Cleber,@JoaquimCleber2,0,是,未知
rohit agrawal,@RohitRss1,0,是,未知
Yaritza Acevedo,@Yarir_acevedo,0,是,未知
Amr Kamal,@87abf1272d9644f,0,是,未知
dimitra voulgaridou,@mikkaki,0,是,未知
Dinu Rajpurohit,@dineshpurohit63,0,是,未知
amit singh,@amitsin45379375,0,是,未知
Tiger,@uniswap100,0,是,未知
Tr. Gautam P. Bhati,@GautamPBhati,0,是,未知
viyorita nur aisyah,@viyoritanapn,0,是,未知
Mariaam,@XxxMariamel,0,是,未知
老道,@hmxysddsw,0,是,未知
Hafiz Adha,@hafizadhaa,0,是,未知
Bagui,@BaguiAb,0,是,未知
小休,@jiang_paulo,0,是,未知
少女 BNB,@Zry316,0,是,未知
大力娃丸子,@daliwawanzi,0,是,未知
诺鸭船长,@Noahflame9,0,是,未知
xux,@web3xux,0,是,未知
Trader_Alberts,@Crypto_Alb1,0,是,未知
aris baja ringan,@ArisGems,0,是,未知
Eduarda Batista Dias,@duda_batista18,0,是,未知
The Don,@aggiclarks,0,是,未知
@Daniel_souza00,@Daniel_souza00,0,是,未知
BHUSHAN BARSE,@im_bhushan269,0,是,未知
Korir Nicholas,@KorirNicholas12,0,是,未知
Ameeta221,@ameetaboe,0,是,未知
WealthAndJoy,@yi_jing4328,0,是,未知
CryptoKAKI,@rukiooooo,0,是,未知
币百通｜Bitkoi,@ftxbtc800,0,是,未知
momo.Y（互fo）,@momoy945,0,是,未知
Güllacc,@gulecmuhammeed,0,是,未知
卡皮巴菲特,@kapifund,0,是,未知
梭哈道人,@HnhyLz,0,是,未知
Webber_π,@webberlu1969,0,是,未知
silvere_houehou,@silvere_power,0,是,未知
ŁĆ ĐΔ ŞIŁVΔ,@LC_Silva157,0,是,未知
Holdjz,@lihuide346,0,是,未知
Ron大名,@0x_RonaldX7,0,是,未知
Laohu.ai,@ai_laohu,0,是,未知
Gwynn,@ledboot_,0,是,未知
yuan sun,@yuan_sun75615,0,是,未知
曜然,@Lioran88,0,是,未知
Eason Chen,@buzuuojiucai,0,是,未知
「福禄寿喜」撸噜子『累』,@jjzzq3,0,是,未知
Cris,@cris_havefun,0,是,未知
luckywinifre（互关必回フォロー大歓迎です）！,@luckyrichgirl88,0,是,未知
Chris Keith,@kamilrahim98,0,是,未知
LingYuCapital,@LingYuCapital,0,是,未知
joan kulabi,@joan_kulabi,0,是,未知
LZSNDA,@lzsnda85973,0,是,未知
XIAOLUORI丶（蓝V互关版）,@XIAOLUORI_,0,是,未知
Jerry,@llljerry721,0,是,未知
Little Midas,@little_midas,0,是,未知
Bitworld,@LuckStar2010,0,是,未知
我要飞的更高,@feidegao888888,0,是,未知
南山Circle,@zby135716,0,是,未知
Ziii,@ZiiiMindInvest,0,是,未知
ca me ea,@ea_ca64523,0,是,未知
adoTermMax,@wasabipp88,0,是,未知
Golden_拾光,@CilffordL06,0,是,未知
Tim,@dGltLnll,0,是,未知
FS,@BinanceTrader66,0,是,未知
Leo 的币圈日记,@lll26958921,0,是,未知
葡萄柚和鲷鱼烧,@TaiyakiYuzu,0,是,未知
Ginger_,@pastures55031,0,是,未知
marovole,@marovole,0,是,未知
Matias Sepúlveda,@Matt3wz,0,是,未知
PJ Gu,@GupGup2025,0,是,未知
浩铭Axel,@sunxaxel,0,是,未知
marvelous,@mike3655,0,是,未知
DrLin1895,@destinylin1113,0,是,未知
FA_阿發,@qfafax,0,是,未知
Ace,@xinxinyike,0,是,未知
谢小总,@xie_Dl,0,是,未知
web3出海小师妹,@joycesgood,0,是,未知
0xendai,@0xendai,0,是,未知
Trivinion,@Trivinion,0,是,未知
夜生白露,@mark43k,0,是,未知
Nailai7981,@VIBEQUIRKLABS,0,是,未知
Simons,@moonshot2022,0,是,未知
L_sp,@lu_shengpe85171,0,是,未知
橙心,@hello919311,0,是,未知
Fansgurus｜刷粉涨粉平台,@hhy1553595,0,是,未知
金点圈,@Jindianquan,0,是,未知
jason老湿,@Jasonverywet,0,是,未知
加密女魔AC,@LILI53615255,0,是,未知
这一次你踢到钢板了,@gogoman6699,0,是,未知
Max Wang @AI,Max Wang @AI,0,是,未知
Nik-X,@NikMulberry,0,是,未知
KK_Crypto,@KK_Allincrypto,0,是,未知
vincent,@vincent26620744,0,是,未知
大白高国,@dabai00001,0,是,未知
艾维巴蒂,@obsdWithU,0,是,未知
Starry,@Starryxbtc,0,是,未知
Millions梦想家(重生)|RIVER,@ScribeCoas17977,0,是,未知
Web3狙击手,@meme_onesniper,0,否,未知
run fack,@wyzbeng,0,是,未知
유한계급,@_leisure_class,0,是,未知
williamhill.bit,@BTCLULU,0,是,未知
Ace,@Jy9606112623504,0,是,未知
StarryDesert,@StarryDeserts,0,是,未知
大鹅,@dehot110,0,是,未知
走地猪　データサイエンス院生,@HAODONGYU7,0,是,未知
VictorZ,@Vtooooooor17,0,是,未知
SHIBUCAI 蓝v互关,@SHIBUCAI9634,0,否,未知
Lee White,@1eeWhite,0,否,未知
Beta的日常碎碎念,@didianimo,0,否,未知
好汉饶命,@BlackSheep5628,0,是,未知
Crypto离十六,@jiayou142543,0,是,未知
chocxwu,@Junglex18,0,是,未知
六六king,@L66king,0,是,未知
成哥 | 不理想的创二代,@mchuo33,0,是,未知
家鸽鸽鸽鸽,@HSZH996,0,是,未知
可乐就选崂山可乐RIVER,@kekokela199958,0,是,未知
SystemNotYou,@smallbbear,0,是,未知
Feng Lin |,@lingfen1989,0,是,未知
查理 Charlie,@Charlx_w3008,0,是,未知
Mikasa,@gold63455566,0,否,未知
yezimark,@yezimark,0,是,未知
飛蛾撲火 欲重生,@sion220903,0,是,未知
𝚏𝚎𝚕𝚒𝚡,@nopure,0,是,未知
Mr.K_,@skyerK12,0,是,未知
eit,@sonny9485,0,否,未知
webber-motor.base.eth,@lucky_dogecoin,0,是,未知
AIWorld(互fo),@okaiworld,0,是,未知
小日先生 web3,@bangzhu_123,0,是,未知
web3易懂派,@wuxiaolu2696,0,是,未知
Lisa Müller,@2424ershi24si,0,否,未知
"LY-404(❖,❖)",@90_rsh,0,是,未知
程序员端哥,@duange6099,0,是,未知
破戒僧,@outer_835,0,是,未知
C_alex,@CCalex386075,0,否,未知
mahj.,@mahj888,0,是,未知
Eim37,@0xEim37,0,是,未知
苏小小,@sunny683346,0,否,未知
honeyeTermMax,@zixin4676,0,是,未知
Gabe Yuan,@fishjar,0,是,未知
MidnightWhisperCN,@Jlviego,0,是,未知
Kiwikt,@Kiwikt164542,0,是,未知
Nexuzzz0,@Nexus7274,0,是,未知
xiao 樱桃,@ovomiemiem,0,是,未知
撸毛三件套购买,@ASSO7878,0,否,未知
Aaron,@AaronVvng,0,是,未知
07小宝贝,@KimJessica42912,0,否,未知
来,@zyw2815,0,是,未知
Haruka Mizuki,@MaJustin47884,0,是,未知
oscar,@sishkwhx,0,否,未知
Arslan William | RIVER,@WilliamArslan,0,否,未知
Elena,@ai6sigma,0,是,未知
多啦A萌,@Web3Doraemoe,0,是,未知
0xtakoyaki39,@0xtakoyaki_,0,是,未知
最初,@bingbing6689,0,是,未知
Mary Johnson,@MaryJohnso92999,0,否,未知
猎豹（互关必回）,@eDziiee,0,否,未知
Anggie Kong,@AnggieKong,0,是,未知
juny,@juny6982,0,是,未知
ZhaoAn,@ZhaoAn_JL,0,是,未知
pursuer,@CroptoYu,0,否,未知
链间骑手,@alexherbert67,0,是,未知
somebearha,@somebearha77,0,否,未知
平头哥 honey badger,@honeybadge4so,0,是,未知
Freya,@4949sishijiu,0,否,未知
HAPPY仔,@q157j,0,否,未知
Cyber Strategist,@StrategistCyber,0,是,未知
欲擒故纵,@thundrillp,0,否,未知
渡自修行,@Evannyiy,0,是,未知
厉飞雨,@Li_Feiyu_818,0,否,未知
鞅的叛徒,@taoaqa,0,是,未知
Mc_secret,@liverpool10086,0,是,未知
Ay米兰,@MMM_ever1,0,是,未知
重生之我在web3捡垃圾,@tutubaobao521,0,是,未知
汇交易,@gemmemecoin,0,否,未知
Jim Crow,@Jimguokl,0,否,未知
大毛（ 互 Fo 100% follow back ）,@murpphhy1014,0,否,未知
Aisha互关必回,@si4141shiyi,0,否,未知
半杯冻檸茶,@shiyi0036,0,否,未知
ni c,@Nic28300295C,0,否,未知
lishengzhang,@lishengzhang949,0,否,未知
上炕费劲Web3,@skfjweb3,0,否,未知
扫地道长,@uralzayets,0,是,未知
"Parkerπ²RIVER(✱,✱)",@princeli715,0,否,未知
Charlie Armitage,@CArmitage70115,0,否,未知
老杨,@web3luo23,0,否,未知
Lolla,@Lolla681882494,0,否,未知
欲擒故纵,@MKPajarillo,0,否,未知
币圈哈基链,@ClubFansElKale,0,是,未知
Emma,@emmatjau,0,否,未知
0x知否.eth,@lovedonk666,0,是,未知
7度,@dazhangting,0,否,未知
Honlewandowski,@HonLewandowski,0,是,未知
𝗔𝘂𝘀𝘁𝗶𝗻,@jindu_,0,是,未知
Bryan,@bryanwangxin,0,是,未知
妻の共享,@momo12198708,0,是,未知
OpOp,@pikabohenkeai1,0,是,未知
詩織互fo％100,@xyh9938,0,否,未知
潜水鱼,@YuYukong595,0,否,未知
